sequence,screen_id,section_no,section,title,caption,part,spec_file,image_file,image_relative_path,width,height,aspect_ratio,sha256,group_key,state_relation,previous_screen_id,next_screen_id
1,SCR-001,1,메뉴구조도,메뉴구조도,,2,01_정보구조와_권한_대시보드_SCR001-009.md,001_메뉴구조도.png,images/001_메뉴구조도.png,1212,639,1.8967,dcb559cecfa9e88ee97de795995743b08e01e02a21a4f8af42fb8ae1300158b8,메뉴구조도,same_screen_continuation_or_state,,SCR-002
2,SCR-002,1,메뉴구조도,메뉴구조도,,1,01_정보구조와_권한_대시보드_SCR001-009.md,002_메뉴구조도.png,images/002_메뉴구조도.png,1213,619,1.9596,a53d81bcd12bbfb1852ac161291dff2a65b35fd9dc204c1fa0d2dae7f2e0b2bd,메뉴구조도,same_feature_variant_or_state,SCR-001,SCR-003
3,SCR-003,2,사용자 권한 구분,사용자 권한 구분,,2,01_정보구조와_권한_대시보드_SCR001-009.md,003_사용자 권한 구분.png,images/003_사용자 권한 구분.png,1079,661,1.6324,bf0a6f9ae8e269668fff84c7a5b80d713844843dc24730edf5f4fa8f15b6d90a,사용자 권한 구분,same_screen_continuation_or_state,SCR-002,SCR-004
4,SCR-004,2,사용자 권한 구분,사용자 권한 구분,,1,01_정보구조와_권한_대시보드_SCR001-009.md,004_사용자 권한 구분.png,images/004_사용자 권한 구분.png,1403,544,2.579,5a99120124d3e63edff9650d1bc96823ecfee16a173fd41e1611c2120c6e471d,사용자 권한 구분,same_feature_variant_or_state,SCR-003,SCR-005
5,SCR-005,3,로그인 및 메인(대시보드),로그인,로그인,1,01_정보구조와_권한_대시보드_SCR001-009.md,005_로그인.png,images/005_로그인.png,2001,1127,1.7755,5633fdbde7bf2e2826e9f3c611540927838f4e98b2a3c636c6a567725af66798,로그인,standalone_screen_cut,SCR-004,SCR-006
6,SCR-006,3,로그인 및 메인(대시보드),"메인(대시보드) - (경영책임자, 총괄) 로그인 시","메인(대시보드) - [경영책임자, 총괄] 로그인 시",1,01_정보구조와_권한_대시보드_SCR001-009.md,"006_메인(대시보드) - (경영책임자, 총괄) 로그인 시.png","images/006_메인(대시보드) - (경영책임자, 총괄) 로그인 시.png",2001,1127,1.7755,676092f5666d3560c72b5c429109ec1bba2925e9271c31eacc48d93f4a9e63ae,"메인(대시보드) - (경영책임자, 총괄) 로그인 시",standalone_screen_cut,SCR-005,SCR-007
7,SCR-007,3,로그인 및 메인(대시보드),메인(대시보드) - (중대재해 담당부서) 로그인 시,메인(대시보드) - [중대재해 담당부서] 로그인 시,1,01_정보구조와_권한_대시보드_SCR001-009.md,007_메인(대시보드) - (중대재해 담당부서) 로그인 시.png,images/007_메인(대시보드) - (중대재해 담당부서) 로그인 시.png,2001,1127,1.7755,e94a995eec3b1fece0ce801cbd354134174d56a5e58ca388b45c64d6c48aea33,메인(대시보드) - (중대재해 담당부서) 로그인 시,standalone_screen_cut,SCR-006,SCR-008
8,SCR-008,3,로그인 및 메인(대시보드),"메인(대시보드) - (사업소, 실/국) 로그인 시","메인(대시보드) - [사업소, 실/국] 로그인 시",1,01_정보구조와_권한_대시보드_SCR001-009.md,"008_메인(대시보드) - (사업소, 실·국) 로그인 시.png","images/008_메인(대시보드) - (사업소, 실·국) 로그인 시.png",2001,1127,1.7755,e561c9214756a08f75f068fd1f91a9e8ec77013a58d65a0233b3cc25ab297012,"메인(대시보드) - (사업소, 실/국) 로그인 시",standalone_screen_cut,SCR-007,SCR-009
9,SCR-009,3,로그인 및 메인(대시보드),"메인(대시보드) - (사업장, 부서) 로그인 시","메인(대시보드) - [사업장, 부서] 로그인 시",1,01_정보구조와_권한_대시보드_SCR001-009.md,"009_메인(대시보드) - (사업장, 부서) 로그인 시.png","images/009_메인(대시보드) - (사업장, 부서) 로그인 시.png",2001,1127,1.7755,f9b2b0d8e574bb8400b5712fb0abd41824dc7b33ac260c57e95da92a1254a62d,"메인(대시보드) - (사업장, 부서) 로그인 시",standalone_screen_cut,SCR-008,SCR-010
10,SCR-010,4,이행현황,"이행현황 – (총괄, 담당부서) 중대산업재해 : 대상 및 취합정보 항목 선택","이행현황 – [총괄, 담당부서] 중대산업재해 : 대상 및 취합정보 항목 선택",1,02_이행현황_SCR010-020.md,"010_이행현황 – (총괄, 담당부서) 중대산업재해 - 대상 및 취합정보 항목 선택.png","images/010_이행현황 – (총괄, 담당부서) 중대산업재해 - 대상 및 취합정보 항목 선택.png",2001,1127,1.7755,d1543ec8a89c1aadddd05f001293a7f9eb275f56df9ffeefd8c875d7d2fa201c,"이행현황 – (총괄, 담당부서) 중대산업재해 : 대상 및 취합정보 항목 선택",standalone_screen_cut,SCR-009,SCR-011
11,SCR-011,4,이행현황,"이행현황 – (총괄, 담당부서) 중대산업재해 : 선택항목에 대한 해당년도 이행 현황표","이행현황 – [총괄, 담당부서] 중대산업재해 : 선택항목에 대한 해당년도 이행 현황표",1,02_이행현황_SCR010-020.md,"011_이행현황 – (총괄, 담당부서) 중대산업재해 - 선택항목에 대한 해당년도 이행 현황표.png","images/011_이행현황 – (총괄, 담당부서) 중대산업재해 - 선택항목에 대한 해당년도 이행 현황표.png",2001,1127,1.7755,50eb3576505a612b6b73c03f13bd671caf42d3392fc67ce667015bd7f3d5d733,"이행현황 – (총괄, 담당부서) 중대산업재해 : 선택항목에 대한 해당년도 이행 현황표",standalone_screen_cut,SCR-010,SCR-012
12,SCR-012,4,이행현황,"이행현황 – (총괄, 담당부서) 중대산업재해 : 선택항목에 대한 대상별 이행 현황표","이행현황 – [총괄, 담당부서] 중대산업재해 : 선택항목에 대한 대상별 이행 현황표",1,02_이행현황_SCR010-020.md,"012_이행현황 – (총괄, 담당부서) 중대산업재해 - 선택항목에 대한 대상별 이행 현황표.png","images/012_이행현황 – (총괄, 담당부서) 중대산업재해 - 선택항목에 대한 대상별 이행 현황표.png",2001,1127,1.7755,4d3621a80d0656d4177aa89b98570e98289cb883272da89388393bfb4f25b5d8,"이행현황 – (총괄, 담당부서) 중대산업재해 : 선택항목에 대한 대상별 이행 현황표",standalone_screen_cut,SCR-011,SCR-013
13,SCR-013,4,이행현황,"이행현황 – (총괄, 담당부서) 중대산업재해 : 이행현황 확인에 따른 조치 지시","이행현황 – [총괄, 담당부서] 중대산업재해 : 이행현황 확인에 따른 조치 지시",1,02_이행현황_SCR010-020.md,"013_이행현황 – (총괄, 담당부서) 중대산업재해 - 이행현황 확인에 따른 조치 지시.png","images/013_이행현황 – (총괄, 담당부서) 중대산업재해 - 이행현황 확인에 따른 조치 지시.png",2001,1127,1.7755,7025bf09325b5c66145e9dae476e619b971307a6cba189fad3f42a53f077a1c5,"이행현황 – (총괄, 담당부서) 중대산업재해 : 이행현황 확인에 따른 조치 지시",standalone_screen_cut,SCR-012,SCR-014
14,SCR-014,4,이행현황,"이행현황 – (총괄, 담당부서) 중대시민재해 : 대상 및 취합정보 항목 선택","이행현황 – [총괄, 담당부서] 중대시민재해 : 대상 및 취합정보 항목 선택",1,02_이행현황_SCR010-020.md,"014_이행현황 – (총괄, 담당부서) 중대시민재해 - 대상 및 취합정보 항목 선택.png","images/014_이행현황 – (총괄, 담당부서) 중대시민재해 - 대상 및 취합정보 항목 선택.png",2001,1127,1.7755,4910d5030137c2754bc45b3911494fdbade9a3bf4dc88da3e294f8f7d4ce3583,"이행현황 – (총괄, 담당부서) 중대시민재해 : 대상 및 취합정보 항목 선택",standalone_screen_cut,SCR-013,SCR-015
15,SCR-015,4,이행현황,"이행현황 – (총괄, 담당부서) 중대시민재해 : 선택항목에 대한 해당년도 이행 현황표","이행현황 – [총괄, 담당부서] 중대시민재해 : 선택항목에 대한 해당년도 이행 현황표",1,02_이행현황_SCR010-020.md,"015_이행현황 – (총괄, 담당부서) 중대시민재해 - 선택항목에 대한 해당년도 이행 현황표.png","images/015_이행현황 – (총괄, 담당부서) 중대시민재해 - 선택항목에 대한 해당년도 이행 현황표.png",2001,1127,1.7755,769de20303067abcd33cf304aa7e68b3f6bf19b611c24082847277bf793613fd,"이행현황 – (총괄, 담당부서) 중대시민재해 : 선택항목에 대한 해당년도 이행 현황표",standalone_screen_cut,SCR-014,SCR-016
16,SCR-016,4,이행현황,"이행현황 – (총괄, 담당부서) 중대시민재해 : 선택항목에 대한 대상별 이행 현황표","이행현황 – [총괄, 담당부서] 중대시민재해 : 선택항목에 대한 대상별 이행 현황표",1,02_이행현황_SCR010-020.md,"016_이행현황 – (총괄, 담당부서) 중대시민재해 - 선택항목에 대한 대상별 이행 현황표.png","images/016_이행현황 – (총괄, 담당부서) 중대시민재해 - 선택항목에 대한 대상별 이행 현황표.png",2001,1127,1.7755,c44c6b94ff7479e4ff6ab4ef695f0688455abf1f980bf13af997c3880bb4b987,"이행현황 – (총괄, 담당부서) 중대시민재해 : 선택항목에 대한 대상별 이행 현황표",standalone_screen_cut,SCR-015,SCR-017
17,SCR-017,4,이행현황,"이행현황 – (총괄, 담당부서) 중대시민재해 : 이행현황 확인에 따른 조치 지시","이행현황 – [총괄, 담당부서] 중대시민재해 : 이행현황 확인에 따른 조치 지시",1,02_이행현황_SCR010-020.md,"017_이행현황 – (총괄, 담당부서) 중대시민재해 - 이행현황 확인에 따른 조치 지시.png","images/017_이행현황 – (총괄, 담당부서) 중대시민재해 - 이행현황 확인에 따른 조치 지시.png",2001,1127,1.7755,19b55d5bc400487a2db4d5f12f01b84938729c755978c12bd20730ffc9f226bf,"이행현황 – (총괄, 담당부서) 중대시민재해 : 이행현황 확인에 따른 조치 지시",standalone_screen_cut,SCR-016,SCR-018
18,SCR-018,4,이행현황,"이행현황 – (총괄, 담당부서) 도급·용역·위탁 : 대상 항목 선택","이행현황 – [총괄, 담당부서] 도급·용역·위탁 : 대상 항목 선택",1,02_이행현황_SCR010-020.md,"018_이행현황 – (총괄, 담당부서) 도급·용역·위탁 - 대상 항목 선택.png","images/018_이행현황 – (총괄, 담당부서) 도급·용역·위탁 - 대상 항목 선택.png",2001,1127,1.7755,96063495ff3bc43a3be62be7053eaa8779642861752b2fcc4f23e22ba63ac80f,"이행현황 – (총괄, 담당부서) 도급·용역·위탁 : 대상 항목 선택",standalone_screen_cut,SCR-017,SCR-019
19,SCR-019,4,이행현황,"이행현황 – (총괄, 담당부서) 도급·용역·위탁 : 선택항목에 대한 이행 현황표","이행현황 – [총괄, 담당부서] 도급·용역·위탁 : 선택항목에 대한 이행 현황표",1,02_이행현황_SCR010-020.md,"019_이행현황 – (총괄, 담당부서) 도급·용역·위탁 - 선택항목에 대한 이행 현황표.png","images/019_이행현황 – (총괄, 담당부서) 도급·용역·위탁 - 선택항목에 대한 이행 현황표.png",2001,1127,1.7755,815290144dbc594794c1e0fc2099735fbee8e7630204094202f49c5fe078ecc5,"이행현황 – (총괄, 담당부서) 도급·용역·위탁 : 선택항목에 대한 이행 현황표",standalone_screen_cut,SCR-018,SCR-020
20,SCR-020,4,이행현황,"이행현황 – (총괄, 담당부서) 도급·용역·위탁 : 선택항목에 대한 상세 정보","이행현황 – [총괄, 담당부서] 도급·용역·위탁 : 선택항목에 대한 상세 정보",1,02_이행현황_SCR010-020.md,"020_이행현황 – (총괄, 담당부서) 도급·용역·위탁 - 선택항목에 대한 상세 정보.png","images/020_이행현황 – (총괄, 담당부서) 도급·용역·위탁 - 선택항목에 대한 상세 정보.png",2001,1127,1.7755,1a2ffffe5ba91910e073ab715cfc52cdb01b383fa51f709369660ea2d4522ba4,"이행현황 – (총괄, 담당부서) 도급·용역·위탁 : 선택항목에 대한 상세 정보",standalone_screen_cut,SCR-019,SCR-021
21,SCR-021,5,관리대상 현황,관리대상 현황 – (중대재해 담당부서(관리자)) 중대산업재해 담당자 지정,관리대상 현황 – [중대재해 담당부서(관리자)] 중대산업재해 담당자 지정,1,03_관리대상현황과_법의무사항_SCR021-035.md,021_관리대상 현황 – (중대재해 담당부서(관리자)) 중대산업재해 담당자 지정.png,images/021_관리대상 현황 – (중대재해 담당부서(관리자)) 중대산업재해 담당자 지정.png,2001,1127,1.7755,ec5b6de421f45289f0303aeda980dc5b66d3defe3458e7be2f017e7c3401736e,관리대상 현황 – (중대재해 담당부서(관리자)) 중대산업재해 담당자 지정,standalone_screen_cut,SCR-020,SCR-022
22,SCR-022,5,관리대상 현황,관리대상 현황 – (중대재해 담당부서(관리자)) 중대산업재해 관리대상 지정,관리대상 현황 – [중대재해 담당부서(관리자)] 중대산업재해 관리대상 지정,1,03_관리대상현황과_법의무사항_SCR021-035.md,022_관리대상 현황 – (중대재해 담당부서(관리자)) 중대산업재해 관리대상 지정.png,images/022_관리대상 현황 – (중대재해 담당부서(관리자)) 중대산업재해 관리대상 지정.png,2001,1127,1.7755,cd3e3c26ed396626e94e6bb91ed23babc6e58b548d51615aab30043bd1df8082,관리대상 현황 – (중대재해 담당부서(관리자)) 중대산업재해 관리대상 지정,standalone_screen_cut,SCR-021,SCR-023
23,SCR-023,5,관리대상 현황,관리대상 현황 – (중대재해 담당부서(관리자)) 중대산업재해 사업장 기본정보 등록/관리,관리대상 현황 – [중대재해 담당부서(관리자)] 중대산업재해 사업장 기본정보 등록/관리,1,03_관리대상현황과_법의무사항_SCR021-035.md,023_관리대상 현황 – (중대재해 담당부서(관리자)) 중대산업재해 사업장 기본정보 등록·관리.png,images/023_관리대상 현황 – (중대재해 담당부서(관리자)) 중대산업재해 사업장 기본정보 등록·관리.png,2001,1127,1.7755,e74dc942877790a3960d4aa8146a06b6ccff1a2652aee546a73400fa439bd6e4,관리대상 현황 – (중대재해 담당부서(관리자)) 중대산업재해 사업장 기본정보 등록/관리,standalone_screen_cut,SCR-022,SCR-024
24,SCR-024,5,관리대상 현황,관리대상 현황 – (중대재해 담당부서(관리자)) 중대산업재해 관련법령 등록/관리,관리대상 현황 – [중대재해 담당부서(관리자)] 중대산업재해 관련법령 등록/관리,1,03_관리대상현황과_법의무사항_SCR021-035.md,024_관리대상 현황 – (중대재해 담당부서(관리자)) 중대산업재해 관련법령 등록·관리.png,images/024_관리대상 현황 – (중대재해 담당부서(관리자)) 중대산업재해 관련법령 등록·관리.png,2001,1127,1.7755,41b78c9c201b1951f0b06c968093db06bd432803c85c4ebb91d99cde95af5b77,관리대상 현황 – (중대재해 담당부서(관리자)) 중대산업재해 관련법령 등록/관리,standalone_screen_cut,SCR-023,SCR-025
25,SCR-025,5,관리대상 현황,관리대상 현황 – (중대재해 담당부서(관리자)) 중대시민재해 관련법령 등록/관리,관리대상 현황 – [중대재해 담당부서(관리자)] 중대시민재해 관련법령 등록/관리,1,03_관리대상현황과_법의무사항_SCR021-035.md,025_관리대상 현황 – (중대재해 담당부서(관리자)) 중대시민재해 관련법령 등록·관리.png,images/025_관리대상 현황 – (중대재해 담당부서(관리자)) 중대시민재해 관련법령 등록·관리.png,2001,1125,1.7787,86ff74161c8840a0a39dc5438fc5d01daed7135b7b2bc0229ce1b7c113b37068,관리대상 현황 – (중대재해 담당부서(관리자)) 중대시민재해 관련법령 등록/관리,standalone_screen_cut,SCR-024,SCR-026
26,SCR-026,5,관리대상 현황,관리대상 현황 – (중대재해 담당부서(관리자)) 경영책임자 점검/조치 활동기록 관리,관리대상 현황 – [중대재해 담당부서(관리자)] 경영책임자 점검/조치 활동기록 관리,1,03_관리대상현황과_법의무사항_SCR021-035.md,026_관리대상 현황 – (중대재해 담당부서(관리자)) 경영책임자 점검·조치 활동기록 관리.png,images/026_관리대상 현황 – (중대재해 담당부서(관리자)) 경영책임자 점검·조치 활동기록 관리.png,2001,1127,1.7755,39ed43730d8c6d932885eebb5f95dff2e0a79d65e19b079b2dff6d87e4866d22,관리대상 현황 – (중대재해 담당부서(관리자)) 경영책임자 점검/조치 활동기록 관리,standalone_screen_cut,SCR-025,SCR-027
27,SCR-027,5,관리대상 현황,"관리대상 현황 – (사업장, 부서) 관리대상 선택","관리대상 현황 – [사업장, 부서] 관리대상 선택",1,03_관리대상현황과_법의무사항_SCR021-035.md,"027_관리대상 현황 – (사업장, 부서) 관리대상 선택.png","images/027_관리대상 현황 – (사업장, 부서) 관리대상 선택.png",2001,1127,1.7755,63d10fa0c38f3ad99122189f19625a9dc2a57155c8700f90d054c9af5fccb6f4,"관리대상 현황 – (사업장, 부서) 관리대상 선택",standalone_screen_cut,SCR-026,SCR-028
28,SCR-028,5,관리대상 현황,"관리대상 현황 – (사업장, 부서) 관리대상에 대한 기본정보 등록/관리","관리대상 현황 – [사업장, 부서] 관리대상에 대한 기본정보 등록/관리",1,03_관리대상현황과_법의무사항_SCR021-035.md,"028_관리대상 현황 – (사업장, 부서) 관리대상에 대한 기본정보 등록·관리.png","images/028_관리대상 현황 – (사업장, 부서) 관리대상에 대한 기본정보 등록·관리.png",2001,1127,1.7755,931cb5b2c1957a634c66ab857d5fe5bc7b4f3dc15665e1959626b36913a9a408,"관리대상 현황 – (사업장, 부서) 관리대상에 대한 기본정보 등록/관리",standalone_screen_cut,SCR-027,SCR-029
29,SCR-029,5,관리대상 현황,"관리대상 현황 – (사업장, 부서) 관리대상에 대한 세부정보 등록/관리","관리대상 현황 – [사업장, 부서] 관리대상에 대한 세부정보 등록/관리",1,03_관리대상현황과_법의무사항_SCR021-035.md,"029_관리대상 현황 – (사업장, 부서) 관리대상에 대한 세부정보 등록·관리.png","images/029_관리대상 현황 – (사업장, 부서) 관리대상에 대한 세부정보 등록·관리.png",2001,1127,1.7755,bf6a1993947a09afbc7589091e1b1918e519044b94bb32382e7065e13269a543,"관리대상 현황 – (사업장, 부서) 관리대상에 대한 세부정보 등록/관리",standalone_screen_cut,SCR-028,SCR-030
30,SCR-030,5,관리대상 현황,"관리대상 현황 – (사업장, 부서) 도급·용역·위탁 현황 정보 조회 및 등록/관리","관리대상 현황 – [사업장, 부서] 도급·용역·위탁 현황 정보 조회 및 등록/관리",1,03_관리대상현황과_법의무사항_SCR021-035.md,"030_관리대상 현황 – (사업장, 부서) 도급·용역·위탁 현황 정보 조회 및 등록·관리.png","images/030_관리대상 현황 – (사업장, 부서) 도급·용역·위탁 현황 정보 조회 및 등록·관리.png",2001,1127,1.7755,63735b3fd87f7a1bba4d9aef4b1051feca4da23b51158fe42332425ff2d9d8ce,"관리대상 현황 – (사업장, 부서) 도급·용역·위탁 현황 정보 조회 및 등록/관리",standalone_screen_cut,SCR-029,SCR-031
31,SCR-031,5,관리대상 현황,"관리대상 현황 – (사업장, 부서) 도급·용역·위탁 현황 정보 등록/관리","관리대상 현황 – [사업장, 부서] 도급·용역·위탁 현황 정보 등록/관리",1,03_관리대상현황과_법의무사항_SCR021-035.md,"031_관리대상 현황 – (사업장, 부서) 도급·용역·위탁 현황 정보 등록·관리.png","images/031_관리대상 현황 – (사업장, 부서) 도급·용역·위탁 현황 정보 등록·관리.png",2001,1127,1.7755,6837dc703fc3d3995a6188364543c21fd3086313083148ac78db2f385ec8a893,"관리대상 현황 – (사업장, 부서) 도급·용역·위탁 현황 정보 등록/관리",standalone_screen_cut,SCR-030,SCR-032
32,SCR-032,5,관리대상 현황,"관리대상 현황 – (사업장, 부서) 도급·용역·위탁 현황 유해·위험요인 정보 등록/관리","관리대상 현황 – [사업장, 부서] 도급·용역·위탁 현황 유해·위험요인 정보 등록/관리",1,03_관리대상현황과_법의무사항_SCR021-035.md,"032_관리대상 현황 – (사업장, 부서) 도급·용역·위탁 현황 유해·위험요인 정보 등록·관리.png","images/032_관리대상 현황 – (사업장, 부서) 도급·용역·위탁 현황 유해·위험요인 정보 등록·관리.png",2001,1127,1.7755,07b1da0d21ba070d4fbfb7c5bc1961ab5df1b6417042969ecc3ad5d7502e89f2,"관리대상 현황 – (사업장, 부서) 도급·용역·위탁 현황 유해·위험요인 정보 등록/관리",standalone_screen_cut,SCR-031,SCR-033
33,SCR-033,5,관리대상 현황,"관리대상 현황 – (사업장, 부서) 도급·용역·위탁 현황 관리의무 이행정보 등록/관리","관리대상 현황 – [사업장, 부서] 도급·용역·위탁 현황 관리의무 이행정보 등록/관리",1,03_관리대상현황과_법의무사항_SCR021-035.md,"033_관리대상 현황 – (사업장, 부서) 도급·용역·위탁 현황 관리의무 이행정보 등록·관리.png","images/033_관리대상 현황 – (사업장, 부서) 도급·용역·위탁 현황 관리의무 이행정보 등록·관리.png",2001,1127,1.7755,fb63374fd473a4cf84fe30e9d33a8b0a199c2f96b04715d035220d828da77121,"관리대상 현황 – (사업장, 부서) 도급·용역·위탁 현황 관리의무 이행정보 등록/관리",standalone_screen_cut,SCR-032,SCR-034
34,SCR-034,6,법 의무사항,"법 의무사항 - (사업장, 부서) 중대시민재해 : 관계 법령 관리","법 의무사항 - [사업장, 부서] 중대시민재해 : 관계 법령 관리",1,03_관리대상현황과_법의무사항_SCR021-035.md,"034_법 의무사항 - (사업장, 부서) 중대시민재해 - 관계 법령 관리.png","images/034_법 의무사항 - (사업장, 부서) 중대시민재해 - 관계 법령 관리.png",2001,1127,1.7755,378faabac90e11d0d27b06793a55f643a3bfe58b51fd21cc506f1e1abe614d9d,"법 의무사항 - (사업장, 부서) 중대시민재해 : 관계 법령 관리",same_feature_variant_or_state,SCR-033,SCR-035
35,SCR-035,6,법 의무사항,"법 의무사항 - (사업장, 부서) 중대시민재해 : 관계 법령 관리","법 의무사항 - [사업장, 부서] 중대시민재해 : 관계 법령 관리",1,03_관리대상현황과_법의무사항_SCR021-035.md,"035_법 의무사항 - (사업장, 부서) 중대시민재해 - 관계 법령 관리.png","images/035_법 의무사항 - (사업장, 부서) 중대시민재해 - 관계 법령 관리.png",2001,1127,1.7755,5c44d533b7c5ec1a8f1b02f9c79c1c6d957bf83047946a7d699239a3605f322b,"법 의무사항 - (사업장, 부서) 중대시민재해 : 관계 법령 관리",same_feature_variant_or_state,SCR-034,SCR-036
36,SCR-036,7,의무이행,"의무이행(실적증빙) – (사업장, 부서) 안전·보건 목표 및 경영방침 설정","의무이행(실적증빙) – [사업장, 부서] 안전·보건 목표 및 경영방침 설정",1,04_의무이행_중대산업재해_SCR036-051.md,"036_의무이행(실적증빙) – (사업장, 부서) 안전·보건 목표 및 경영방침 설정.png","images/036_의무이행(실적증빙) – (사업장, 부서) 안전·보건 목표 및 경영방침 설정.png",2001,1127,1.7755,3dccc278ae64124be42db886a7665f087659c9d1ee4eff004f95e73434242349,"의무이행(실적증빙) – (사업장, 부서) 안전·보건 목표 및 경영방침 설정",standalone_screen_cut,SCR-035,SCR-037
37,SCR-037,7,의무이행,"의무이행(실적증빙) – (사업장, 부서) 안전·보건 총괄관리 전담조직 설치","의무이행(실적증빙) – [사업장, 부서] 안전·보건 총괄관리 전담조직 설치",1,04_의무이행_중대산업재해_SCR036-051.md,"037_의무이행(실적증빙) – (사업장, 부서) 안전·보건 총괄관리 전담조직 설치.png","images/037_의무이행(실적증빙) – (사업장, 부서) 안전·보건 총괄관리 전담조직 설치.png",2001,1125,1.7787,b7b2f17bef1681ff3a2912bd7950dc76705b33b74d8932ae1f679fb9852c3fbd,"의무이행(실적증빙) – (사업장, 부서) 안전·보건 총괄관리 전담조직 설치",standalone_screen_cut,SCR-036,SCR-038
38,SCR-038,7,의무이행,"의무이행(실적증빙) – (사업장, 부서) 안전·보건관계자 배치","의무이행(실적증빙) – [사업장, 부서] 안전·보건관계자 배치",1,04_의무이행_중대산업재해_SCR036-051.md,"038_의무이행(실적증빙) – (사업장, 부서) 안전·보건관계자 배치.png","images/038_의무이행(실적증빙) – (사업장, 부서) 안전·보건관계자 배치.png",2001,1127,1.7755,d6d828972e8ff29af165c947c18ea00f0602c21a2d8f82661429023e4126ac0c,"의무이행(실적증빙) – (사업장, 부서) 안전·보건관계자 배치",same_feature_variant_or_state,SCR-037,SCR-039
39,SCR-039,7,의무이행,"의무이행(실적증빙) – (사업장, 부서) 안전·보건관계자 배치","의무이행(실적증빙) – [사업장, 부서] 안전·보건관계자 배치",2,04_의무이행_중대산업재해_SCR036-051.md,"039_의무이행(실적증빙) – (사업장, 부서) 안전·보건관계자 배치.png","images/039_의무이행(실적증빙) – (사업장, 부서) 안전·보건관계자 배치.png",2001,1127,1.7755,111a08c8f33124f7c2e93b551cad37f2fb1a74ba41df8380dfb980fb330bef1a,"의무이행(실적증빙) – (사업장, 부서) 안전·보건관계자 배치",same_screen_continuation_or_state,SCR-038,SCR-040
40,SCR-040,7,의무이행,"의무이행(실적증빙) – (사업장, 부서) 유해·위험요인 확인 및 개선절차 마련(위험성 평가)","의무이행(실적증빙) – [사업장, 부서] 유해·위험요인 확인 및 개선절차 마련(위험성 평가)",1,04_의무이행_중대산업재해_SCR036-051.md,"040_의무이행(실적증빙) – (사업장, 부서) 유해·위험요인 확인 및 개선절차 마련(위험성 평가).png","images/040_의무이행(실적증빙) – (사업장, 부서) 유해·위험요인 확인 및 개선절차 마련(위험성 평가).png",2001,1127,1.7755,d53daab839142996fc82f903c42562c496348691c0a68d21050314ddb4d0abf4,"의무이행(실적증빙) – (사업장, 부서) 유해·위험요인 확인 및 개선절차 마련(위험성 평가)",same_feature_variant_or_state,SCR-039,SCR-041
41,SCR-041,7,의무이행,"의무이행(실적증빙) – (사업장, 부서) 유해·위험요인 확인 및 개선절차 마련(위험성 평가)","의무이행(실적증빙) – [사업장, 부서] 유해·위험요인 확인 및 개선절차 마련(위험성 평가)",2,04_의무이행_중대산업재해_SCR036-051.md,"041_의무이행(실적증빙) – (사업장, 부서) 유해·위험요인 확인 및 개선절차 마련(위험성 평가).png","images/041_의무이행(실적증빙) – (사업장, 부서) 유해·위험요인 확인 및 개선절차 마련(위험성 평가).png",2001,1127,1.7755,e11c248b3afb275dad9dc63ad82dc6c2572095bd2e4ed9ccba892e04a5d3bbd9,"의무이행(실적증빙) – (사업장, 부서) 유해·위험요인 확인 및 개선절차 마련(위험성 평가)",same_screen_continuation_or_state,SCR-040,SCR-042
42,SCR-042,7,의무이행,"의무이행(실적증빙) – (사업장, 부서) 안전예산 편성·집행","의무이행(실적증빙) – [사업장, 부서] 안전예산 편성·집행",1,04_의무이행_중대산업재해_SCR036-051.md,"042_의무이행(실적증빙) – (사업장, 부서) 안전예산 편성·집행.png","images/042_의무이행(실적증빙) – (사업장, 부서) 안전예산 편성·집행.png",2001,1127,1.7755,37ef2d8f13000e69f8b8e07d85f7e75618deec9df665558c8f6eb8af72ac7ff4,"의무이행(실적증빙) – (사업장, 부서) 안전예산 편성·집행",same_feature_variant_or_state,SCR-041,SCR-043
43,SCR-043,7,의무이행,"의무이행(실적증빙) – (사업장, 부서) 안전예산 편성·집행","의무이행(실적증빙) – [사업장, 부서] 안전예산 편성·집행",2,04_의무이행_중대산업재해_SCR036-051.md,"043_의무이행(실적증빙) – (사업장, 부서) 안전예산 편성·집행.png","images/043_의무이행(실적증빙) – (사업장, 부서) 안전예산 편성·집행.png",2001,1127,1.7755,b58e9ccb0ab0cc21c981e584805f55f2f07ca8ae85eb76942b952fd806c7b7f6,"의무이행(실적증빙) – (사업장, 부서) 안전예산 편성·집행",same_screen_continuation_or_state,SCR-042,SCR-044
44,SCR-044,7,의무이행,"의무이행(실적증빙) – (사업장, 부서) 안전보건관계자 업무수행","의무이행(실적증빙) – [사업장, 부서] 안전보건관계자 업무수행",1,04_의무이행_중대산업재해_SCR036-051.md,"044_의무이행(실적증빙) – (사업장, 부서) 안전보건관계자 업무수행.png","images/044_의무이행(실적증빙) – (사업장, 부서) 안전보건관계자 업무수행.png",2001,1127,1.7755,2cadd235210f0da260dcdc0672787e6cf476a3875a12c6c365c3406ee5b0a376,"의무이행(실적증빙) – (사업장, 부서) 안전보건관계자 업무수행",same_feature_variant_or_state,SCR-043,SCR-045
45,SCR-045,7,의무이행,"의무이행(실적증빙) – (사업장, 부서) 안전보건관계자 업무수행","의무이행(실적증빙) – [사업장, 부서] 안전보건관계자 업무수행",2,04_의무이행_중대산업재해_SCR036-051.md,"045_의무이행(실적증빙) – (사업장, 부서) 안전보건관계자 업무수행.png","images/045_의무이행(실적증빙) – (사업장, 부서) 안전보건관계자 업무수행.png",2001,1127,1.7755,f5a1a1c4133914bcc9d1de3939ddc0a4711dce6021f8d817b483601a0391c50d,"의무이행(실적증빙) – (사업장, 부서) 안전보건관계자 업무수행",same_screen_continuation_or_state,SCR-044,SCR-046
46,SCR-046,7,의무이행,"의무이행(실적증빙) – (사업장, 부서) 종사자 의견 청취 및 개선","의무이행(실적증빙) – [사업장, 부서] 종사자 의견 청취 및 개선",1,04_의무이행_중대산업재해_SCR036-051.md,"046_의무이행(실적증빙) – (사업장, 부서) 종사자 의견 청취 및 개선.png","images/046_의무이행(실적증빙) – (사업장, 부서) 종사자 의견 청취 및 개선.png",2001,1127,1.7755,f07dc1f7818d48b28437374d50589ef52356a8e68b8c7f0471ef1f6e2623c6ad,"의무이행(실적증빙) – (사업장, 부서) 종사자 의견 청취 및 개선",same_feature_variant_or_state,SCR-045,SCR-047
47,SCR-047,7,의무이행,"의무이행(실적증빙) – (사업장, 부서) 종사자 의견 청취 및 개선","의무이행(실적증빙) – [사업장, 부서] 종사자 의견 청취 및 개선",2,04_의무이행_중대산업재해_SCR036-051.md,"047_의무이행(실적증빙) – (사업장, 부서) 종사자 의견 청취 및 개선.png","images/047_의무이행(실적증빙) – (사업장, 부서) 종사자 의견 청취 및 개선.png",2001,1127,1.7755,511685388c68633249b07c673da83107f5aa52ce32832863eb78d30d52beb0a1,"의무이행(실적증빙) – (사업장, 부서) 종사자 의견 청취 및 개선",same_screen_continuation_or_state,SCR-046,SCR-048
48,SCR-048,7,의무이행,"의무이행(실적증빙) – (사업장, 부서) 비상조치계획 수립 및 이행","의무이행(실적증빙) – [사업장, 부서] 비상조치계획 수립 및 이행",1,04_의무이행_중대산업재해_SCR036-051.md,"048_의무이행(실적증빙) – (사업장, 부서) 비상조치계획 수립 및 이행.png","images/048_의무이행(실적증빙) – (사업장, 부서) 비상조치계획 수립 및 이행.png",2001,1127,1.7755,df4e509c915ff90ede2e8a6ba54ae8a9f023988639adb6aee6317fdef6f71fca,"의무이행(실적증빙) – (사업장, 부서) 비상조치계획 수립 및 이행",same_feature_variant_or_state,SCR-047,SCR-049
49,SCR-049,7,의무이행,"의무이행(실적증빙) – (사업장, 부서) 비상조치계획 수립 및 이행","의무이행(실적증빙) – [사업장, 부서] 비상조치계획 수립 및 이행",2,04_의무이행_중대산업재해_SCR036-051.md,"049_의무이행(실적증빙) – (사업장, 부서) 비상조치계획 수립 및 이행.png","images/049_의무이행(실적증빙) – (사업장, 부서) 비상조치계획 수립 및 이행.png",2001,1127,1.7755,e368d0a4233660bffeccbf85bb525078f47a3c1508223cb5e3b4fad00d4e489a,"의무이행(실적증빙) – (사업장, 부서) 비상조치계획 수립 및 이행",same_screen_continuation_or_state,SCR-048,SCR-050
50,SCR-050,7,의무이행,"의무이행(실적증빙) – (사업장, 부서) 재해발생시 재발방지대책 수립 및 이행","의무이행(실적증빙) – [사업장, 부서] 재해발생시 재발방지대책 수립 및 이행",1,04_의무이행_중대산업재해_SCR036-051.md,"050_의무이행(실적증빙) – (사업장, 부서) 재해발생시 재발방지대책 수립 및 이행.png","images/050_의무이행(실적증빙) – (사업장, 부서) 재해발생시 재발방지대책 수립 및 이행.png",2001,1127,1.7755,a471b07691b1b09e9a77b5ddfb3f925ce1800c6e1966a63940e5097167a45968,"의무이행(실적증빙) – (사업장, 부서) 재해발생시 재발방지대책 수립 및 이행",same_feature_variant_or_state,SCR-049,SCR-051
51,SCR-051,7,의무이행,"의무이행(실적증빙) – (사업장, 부서) 재해발생시 재발방지대책 수립 및 이행","의무이행(실적증빙) – [사업장, 부서] 재해발생시 재발방지대책 수립 및 이행",2,04_의무이행_중대산업재해_SCR036-051.md,"051_의무이행(실적증빙) – (사업장, 부서) 재해발생시 재발방지대책 수립 및 이행.png","images/051_의무이행(실적증빙) – (사업장, 부서) 재해발생시 재발방지대책 수립 및 이행.png",2001,1127,1.7755,fea7dea6ebbe41e9f6a061bb6a45b79e8800e9d2a8c0a5c9787500326822d7b0,"의무이행(실적증빙) – (사업장, 부서) 재해발생시 재발방지대책 수립 및 이행",same_screen_continuation_or_state,SCR-050,SCR-052
52,SCR-052,7,의무이행,"의무이행(실적증빙) – (사업장, 부서) 재해발생시 재발방지대책 수립 및 이행 (계속)","의무이행(실적증빙) – [사업장, 부서] 재해발생시 재발방지대책 수립 및 이행 (계속)",1,05_의무이행_공중이용시설_SCR052-066.md,"052_의무이행(실적증빙) – (사업장, 부서) 재해발생시 재발방지대책 수립 및 이행 (계속).png","images/052_의무이행(실적증빙) – (사업장, 부서) 재해발생시 재발방지대책 수립 및 이행 (계속).png",2001,1127,1.7755,9346915bb3758ca830a484b3e74d8f02c604e17a73c85226d0baf3156852c202,"의무이행(실적증빙) – (사업장, 부서) 재해발생시 재발방지대책 수립 및 이행",same_screen_continuation_or_state,SCR-051,SCR-053
53,SCR-053,7,의무이행,"의무이행(실적증빙) – (사업장, 부서) 중앙행정기관, 지자체 개선·시정 사항 이행","의무이행(실적증빙) – [사업장, 부서] 중앙행정기관, 지자체 개선·시정 사항 이행",1,05_의무이행_공중이용시설_SCR052-066.md,"053_의무이행(실적증빙) – (사업장, 부서) 중앙행정기관, 지자체 개선·시정 사항 이행.png","images/053_의무이행(실적증빙) – (사업장, 부서) 중앙행정기관, 지자체 개선·시정 사항 이행.png",2001,1127,1.7755,70ab59815d11f8b00ae20ca249ef2d99d9c54ab513e04fe1b7efc291a5241029,"의무이행(실적증빙) – (사업장, 부서) 중앙행정기관, 지자체 개선·시정 사항 이행",same_feature_variant_or_state,SCR-052,SCR-054
54,SCR-054,7,의무이행,"의무이행(실적증빙) – (사업장, 부서) 중앙행정기관, 지자체 개선·시정 사항 이행","의무이행(실적증빙) – [사업장, 부서] 중앙행정기관, 지자체 개선·시정 사항 이행",2,05_의무이행_공중이용시설_SCR052-066.md,"054_의무이행(실적증빙) – (사업장, 부서) 중앙행정기관, 지자체 개선·시정 사항 이행.png","images/054_의무이행(실적증빙) – (사업장, 부서) 중앙행정기관, 지자체 개선·시정 사항 이행.png",2001,1127,1.7755,cdf1c428ff8bd4706f503b186d09cd0d429e262003b265861217cbb3c887138b,"의무이행(실적증빙) – (사업장, 부서) 중앙행정기관, 지자체 개선·시정 사항 이행",same_screen_continuation_or_state,SCR-053,SCR-055
55,SCR-055,7,의무이행,"의무이행(실적증빙) – (사업장, 부서) 관련 법령상 의무이행","의무이행(실적증빙) – [사업장, 부서] 관련 법령상 의무이행",1,05_의무이행_공중이용시설_SCR052-066.md,"055_의무이행(실적증빙) – (사업장, 부서) 관련 법령상 의무이행.png","images/055_의무이행(실적증빙) – (사업장, 부서) 관련 법령상 의무이행.png",2001,1127,1.7755,910b35bf499326d184e1084c50e0701aa87447956eb9418ff9b5b4bfdde440d6,"의무이행(실적증빙) – (사업장, 부서) 관련 법령상 의무이행",same_feature_variant_or_state,SCR-054,SCR-056
56,SCR-056,7,의무이행,"의무이행(실적증빙) – (사업장, 부서) 관련 법령상 의무이행","의무이행(실적증빙) – [사업장, 부서] 관련 법령상 의무이행",2,05_의무이행_공중이용시설_SCR052-066.md,"056_의무이행(실적증빙) – (사업장, 부서) 관련 법령상 의무이행.png","images/056_의무이행(실적증빙) – (사업장, 부서) 관련 법령상 의무이행.png",2001,1127,1.7755,381ef0bdf26cc4ffee7ca01a298a5954a1388e07a8e7f4761c1e8d8756f2123d,"의무이행(실적증빙) – (사업장, 부서) 관련 법령상 의무이행",same_screen_continuation_or_state,SCR-055,SCR-057
57,SCR-057,7,의무이행,"의무이행(실적증빙) – (사업장, 부서) 공중이용시설·교통수단 – 안전인력 확보","의무이행(실적증빙) – [사업장, 부서] 공중이용시설·교통수단 – 안전인력 확보",1,05_의무이행_공중이용시설_SCR052-066.md,"057_의무이행(실적증빙) – (사업장, 부서) 공중이용시설·교통수단 – 안전인력 확보.png","images/057_의무이행(실적증빙) – (사업장, 부서) 공중이용시설·교통수단 – 안전인력 확보.png",2001,1127,1.7755,e3d062e014f201cb0f1ffee6d0c12464f59647167214ea7cf96a37898476d763,"의무이행(실적증빙) – (사업장, 부서) 공중이용시설·교통수단 – 안전인력 확보",same_feature_variant_or_state,SCR-056,SCR-058
58,SCR-058,7,의무이행,"의무이행(실적증빙) – (사업장, 부서) 공중이용시설·교통수단 – 안전인력 확보","의무이행(실적증빙) – [사업장, 부서] 공중이용시설·교통수단 – 안전인력 확보",2,05_의무이행_공중이용시설_SCR052-066.md,"058_의무이행(실적증빙) – (사업장, 부서) 공중이용시설·교통수단 – 안전인력 확보.png","images/058_의무이행(실적증빙) – (사업장, 부서) 공중이용시설·교통수단 – 안전인력 확보.png",2001,1127,1.7755,e65207864a4cbf1e18219099525ed086fb14ed0fcf95657988eb23ba8ba4e920,"의무이행(실적증빙) – (사업장, 부서) 공중이용시설·교통수단 – 안전인력 확보",same_screen_continuation_or_state,SCR-057,SCR-059
59,SCR-059,7,의무이행,"의무이행(실적증빙) – (사업장, 부서) 공중이용시설·교통수단 – 안전예산 편성·집행","의무이행(실적증빙) – [사업장, 부서] 공중이용시설·교통수단 – 안전예산 편성·집행",1,05_의무이행_공중이용시설_SCR052-066.md,"059_의무이행(실적증빙) – (사업장, 부서) 공중이용시설·교통수단 – 안전예산 편성·집행.png","images/059_의무이행(실적증빙) – (사업장, 부서) 공중이용시설·교통수단 – 안전예산 편성·집행.png",2001,1127,1.7755,79f7541f0122a241b60cef2640c5238974150cef4d56f06625faea0c391bf5ae,"의무이행(실적증빙) – (사업장, 부서) 공중이용시설·교통수단 – 안전예산 편성·집행",standalone_screen_cut,SCR-058,SCR-060
60,SCR-060,7,의무이행,"의무이행(실적증빙) – (사업장, 부서) 공중이용시설·교통수단 – 안전점검 계획 수립·수행","의무이행(실적증빙) – [사업장, 부서] 공중이용시설·교통수단 – 안전점검 계획 수립·수행",1,05_의무이행_공중이용시설_SCR052-066.md,"060_의무이행(실적증빙) – (사업장, 부서) 공중이용시설·교통수단 – 안전점검 계획 수립·수행.png","images/060_의무이행(실적증빙) – (사업장, 부서) 공중이용시설·교통수단 – 안전점검 계획 수립·수행.png",2001,1127,1.7755,ddc3bf9c5339d66787aa6c564f55229022c8630ea517aa6284ec896ee2707a64,"의무이행(실적증빙) – (사업장, 부서) 공중이용시설·교통수단 – 안전점검 계획 수립·수행",standalone_screen_cut,SCR-059,SCR-061
61,SCR-061,7,의무이행,"의무이행(실적증빙) – (사업장, 부서) 공중이용시설·교통수단 – 안전계획 수립·수행","의무이행(실적증빙) – [사업장, 부서] 공중이용시설·교통수단 – 안전계획 수립·수행",1,05_의무이행_공중이용시설_SCR052-066.md,"061_의무이행(실적증빙) – (사업장, 부서) 공중이용시설·교통수단 – 안전계획 수립·수행.png","images/061_의무이행(실적증빙) – (사업장, 부서) 공중이용시설·교통수단 – 안전계획 수립·수행.png",2001,1127,1.7755,a94e4313b5404a717702840bbae4952bd679d5246c3e8c4bf438a49abb0d2b02,"의무이행(실적증빙) – (사업장, 부서) 공중이용시설·교통수단 – 안전계획 수립·수행",same_feature_variant_or_state,SCR-060,SCR-062
62,SCR-062,7,의무이행,"의무이행(실적증빙) – (사업장, 부서) 공중이용시설·교통수단 – 안전계획 수립·수행","의무이행(실적증빙) – [사업장, 부서] 공중이용시설·교통수단 – 안전계획 수립·수행",2,05_의무이행_공중이용시설_SCR052-066.md,"062_의무이행(실적증빙) – (사업장, 부서) 공중이용시설·교통수단 – 안전계획 수립·수행.png","images/062_의무이행(실적증빙) – (사업장, 부서) 공중이용시설·교통수단 – 안전계획 수립·수행.png",2001,1127,1.7755,4129d876a1ccfb60279e01114bdcf94a4c0b21537535b2037fdbf78e2d97363c,"의무이행(실적증빙) – (사업장, 부서) 공중이용시설·교통수단 – 안전계획 수립·수행",same_screen_continuation_or_state,SCR-061,SCR-063
63,SCR-063,7,의무이행,"의무이행(실적증빙) – (사업장, 부서) 공중이용시설·교통수단 – 재해예방 업무처리절차","의무이행(실적증빙) – [사업장, 부서] 공중이용시설·교통수단 – 재해예방 업무처리절차",1,05_의무이행_공중이용시설_SCR052-066.md,"063_의무이행(실적증빙) – (사업장, 부서) 공중이용시설·교통수단 – 재해예방 업무처리절차.png","images/063_의무이행(실적증빙) – (사업장, 부서) 공중이용시설·교통수단 – 재해예방 업무처리절차.png",2001,1127,1.7755,dec714251ddf03427e8585bb2df4cfc850f853283eed68233ab00663b37b48e5,"의무이행(실적증빙) – (사업장, 부서) 공중이용시설·교통수단 – 재해예방 업무처리절차",same_feature_variant_or_state,SCR-062,SCR-064
64,SCR-064,7,의무이행,"의무이행(실적증빙) – (사업장, 부서) 공중이용시설·교통수단 – 재해예방 업무처리절차","의무이행(실적증빙) – [사업장, 부서] 공중이용시설·교통수단 – 재해예방 업무처리절차",2,05_의무이행_공중이용시설_SCR052-066.md,"064_의무이행(실적증빙) – (사업장, 부서) 공중이용시설·교통수단 – 재해예방 업무처리절차.png","images/064_의무이행(실적증빙) – (사업장, 부서) 공중이용시설·교통수단 – 재해예방 업무처리절차.png",2001,1127,1.7755,4b84aaaa5cd2f92dc192753edc488301931d6355b5c608c6b15fa411f9af723f,"의무이행(실적증빙) – (사업장, 부서) 공중이용시설·교통수단 – 재해예방 업무처리절차",same_screen_continuation_or_state,SCR-063,SCR-065
65,SCR-065,7,의무이행,"의무이행(실적증빙) – (사업장, 부서) 공중이용시설·교통수단 – 재해예방 업무처리절차 (계속)","의무이행(실적증빙) – [사업장, 부서] 공중이용시설·교통수단 – 재해예방 업무처리절차 (계속)",1,05_의무이행_공중이용시설_SCR052-066.md,"065_의무이행(실적증빙) – (사업장, 부서) 공중이용시설·교통수단 – 재해예방 업무처리절차 (계속).png","images/065_의무이행(실적증빙) – (사업장, 부서) 공중이용시설·교통수단 – 재해예방 업무처리절차 (계속).png",2001,1127,1.7755,3aa30d67dc2ad7c486a381fba950dca7a76f523984d19c39624b7cd46b763bb1,"의무이행(실적증빙) – (사업장, 부서) 공중이용시설·교통수단 – 재해예방 업무처리절차",same_screen_continuation_or_state,SCR-064,SCR-066
66,SCR-066,7,의무이행,"의무이행(실적증빙) – (사업장, 부서) 공중이용시설·교통수단 – 재해발생시 재발방지대책 수립 및 이행","의무이행(실적증빙) – [사업장, 부서] 공중이용시설·교통수단 – 재해발생시 재발방지대책 수립 및 이행",1,05_의무이행_공중이용시설_SCR052-066.md,"066_의무이행(실적증빙) – (사업장, 부서) 공중이용시설·교통수단 – 재해발생시 재발방지대책 수립 및 이행.png","images/066_의무이행(실적증빙) – (사업장, 부서) 공중이용시설·교통수단 – 재해발생시 재발방지대책 수립 및 이행.png",2001,1127,1.7755,90fcb6c4ffc75d3f9d01aa0592e21e1a8de02b6e53fa3c80c9c1309e280605d7,"의무이행(실적증빙) – (사업장, 부서) 공중이용시설·교통수단 – 재해발생시 재발방지대책 수립 및 이행",same_feature_variant_or_state,SCR-065,SCR-067
67,SCR-067,7,의무이행,"의무이행(실적증빙) – (사업장, 부서) 공중이용시설·교통수단 – 재해발생시 재발방지대책 수립 및 이행","의무이행(실적증빙) – [사업장, 부서] 공중이용시설·교통수단 – 재해발생시 재발방지대책 수립 및 이행",2,06_의무이행_공중이용시설_원료제조물_SCR067-080.md,"067_의무이행(실적증빙) – (사업장, 부서) 공중이용시설·교통수단 – 재해발생시 재발방지대책 수립 및 이행.png","images/067_의무이행(실적증빙) – (사업장, 부서) 공중이용시설·교통수단 – 재해발생시 재발방지대책 수립 및 이행.png",2001,1127,1.7755,06e7b78968a8aa9d66818688e9945999182eb586000f1ef990ba57f6bf439e25,"의무이행(실적증빙) – (사업장, 부서) 공중이용시설·교통수단 – 재해발생시 재발방지대책 수립 및 이행",same_screen_continuation_or_state,SCR-066,SCR-068
68,SCR-068,7,의무이행,"의무이행(실적증빙) – (사업장, 부서) 공중이용시설·교통수단 – 중앙행정기관, 지자체 개선·시정사항 이행","의무이행(실적증빙) – [사업장, 부서] 공중이용시설·교통수단 – 중앙행정기관, 지자체 개선·시정사항 이행",1,06_의무이행_공중이용시설_원료제조물_SCR067-080.md,"068_의무이행(실적증빙) – (사업장, 부서) 공중이용시설·교통수단 – 중앙행정기관, 지자체 개선·시정사항 이행.png","images/068_의무이행(실적증빙) – (사업장, 부서) 공중이용시설·교통수단 – 중앙행정기관, 지자체 개선·시정사항 이행.png",2001,1127,1.7755,fac626e727c110ac8e43863bcc427ba020591cdb210e50e1601013e5494d739d,"의무이행(실적증빙) – (사업장, 부서) 공중이용시설·교통수단 – 중앙행정기관, 지자체 개선·시정사항 이행",same_feature_variant_or_state,SCR-067,SCR-069
69,SCR-069,7,의무이행,"의무이행(실적증빙) – (사업장, 부서) 공중이용시설·교통수단 – 중앙행정기관, 지자체 개선·시정사항 이행","의무이행(실적증빙) – [사업장, 부서] 공중이용시설·교통수단 – 중앙행정기관, 지자체 개선·시정사항 이행",2,06_의무이행_공중이용시설_원료제조물_SCR067-080.md,"069_의무이행(실적증빙) – (사업장, 부서) 공중이용시설·교통수단 – 중앙행정기관, 지자체 개선·시정사항 이행.png","images/069_의무이행(실적증빙) – (사업장, 부서) 공중이용시설·교통수단 – 중앙행정기관, 지자체 개선·시정사항 이행.png",2001,1127,1.7755,f6cde8e9d967299e6f4558ffe0ac269901d2364b2f2cdd35cfbf627acf4731c0,"의무이행(실적증빙) – (사업장, 부서) 공중이용시설·교통수단 – 중앙행정기관, 지자체 개선·시정사항 이행",same_screen_continuation_or_state,SCR-068,SCR-070
70,SCR-070,7,의무이행,"의무이행(실적증빙) – (사업장, 부서) 공중이용시설·교통수단 – 관계법령상 의무 이행 조치","의무이행(실적증빙) – [사업장, 부서] 공중이용시설·교통수단 – 관계법령상 의무 이행 조치",1,06_의무이행_공중이용시설_원료제조물_SCR067-080.md,"070_의무이행(실적증빙) – (사업장, 부서) 공중이용시설·교통수단 – 관계법령상 의무 이행 조치.png","images/070_의무이행(실적증빙) – (사업장, 부서) 공중이용시설·교통수단 – 관계법령상 의무 이행 조치.png",2001,1127,1.7755,9fad62af3f598e4d4ecd1b083dd6bfbb19e5c57d8454357d5887afb6046fd001,"의무이행(실적증빙) – (사업장, 부서) 공중이용시설·교통수단 – 관계법령상 의무 이행 조치",same_feature_variant_or_state,SCR-069,SCR-071
71,SCR-071,7,의무이행,"의무이행(실적증빙) – (사업장, 부서) 공중이용시설·교통수단 – 관계법령상 의무 이행 조치","의무이행(실적증빙) – [사업장, 부서] 공중이용시설·교통수단 – 관계법령상 의무 이행 조치",2,06_의무이행_공중이용시설_원료제조물_SCR067-080.md,"071_의무이행(실적증빙) – (사업장, 부서) 공중이용시설·교통수단 – 관계법령상 의무 이행 조치.png","images/071_의무이행(실적증빙) – (사업장, 부서) 공중이용시설·교통수단 – 관계법령상 의무 이행 조치.png",2001,1127,1.7755,bef9a10dec37df9b86d5e090e06184159374d49f0d17bb9dc0239b416dd61d70,"의무이행(실적증빙) – (사업장, 부서) 공중이용시설·교통수단 – 관계법령상 의무 이행 조치",same_screen_continuation_or_state,SCR-070,SCR-072
72,SCR-072,7,의무이행,"의무이행(실적증빙) – (사업장, 부서) 공중이용시설·교통수단 – 관계법령상 의무 이행 조치 (계속)","의무이행(실적증빙) – [사업장, 부서] 공중이용시설·교통수단 – 관계법령상 의무 이행 조치 (계속)",1,06_의무이행_공중이용시설_원료제조물_SCR067-080.md,"072_의무이행(실적증빙) – (사업장, 부서) 공중이용시설·교통수단 – 관계법령상 의무 이행 조치 (계속).png","images/072_의무이행(실적증빙) – (사업장, 부서) 공중이용시설·교통수단 – 관계법령상 의무 이행 조치 (계속).png",2001,1127,1.7755,b1904172cacd218579bd5c9f4c4ef80a6b485c6c52d446769425775214320eb8,"의무이행(실적증빙) – (사업장, 부서) 공중이용시설·교통수단 – 관계법령상 의무 이행 조치",same_screen_continuation_or_state,SCR-071,SCR-073
73,SCR-073,7,의무이행,"의무이행(실적증빙) – (사업장, 부서) 공중이용시설·교통수단 – 관계법령상 의무 이행 조치 (계속)","의무이행(실적증빙) – [사업장, 부서] 공중이용시설·교통수단 – 관계법령상 의무 이행 조치 (계속)",2,06_의무이행_공중이용시설_원료제조물_SCR067-080.md,"073_의무이행(실적증빙) – (사업장, 부서) 공중이용시설·교통수단 – 관계법령상 의무 이행 조치 (계속).png","images/073_의무이행(실적증빙) – (사업장, 부서) 공중이용시설·교통수단 – 관계법령상 의무 이행 조치 (계속).png",2001,1127,1.7755,d47c6979c741db937f9f1c55378f222da30e3f0a4d3b7c4f6df8477287cffbed,"의무이행(실적증빙) – (사업장, 부서) 공중이용시설·교통수단 – 관계법령상 의무 이행 조치",same_screen_continuation_or_state,SCR-072,SCR-074
74,SCR-074,7,의무이행,"의무이행(실적증빙) – (사업장, 부서) 공중이용시설·교통수단 – 관계법령상 의무 이행 조치 (계속)","의무이행(실적증빙) – [사업장, 부서] 공중이용시설·교통수단 – 관계법령상 의무 이행 조치 (계속)",1,06_의무이행_공중이용시설_원료제조물_SCR067-080.md,"074_의무이행(실적증빙) – (사업장, 부서) 공중이용시설·교통수단 – 관계법령상 의무 이행 조치 (계속).png","images/074_의무이행(실적증빙) – (사업장, 부서) 공중이용시설·교통수단 – 관계법령상 의무 이행 조치 (계속).png",2001,1127,1.7755,e48a3f44f8dc797fc858761ec90fe8c3d89c4d31e3e29a413feb79052d64882b,"의무이행(실적증빙) – (사업장, 부서) 공중이용시설·교통수단 – 관계법령상 의무 이행 조치",same_screen_continuation_or_state,SCR-073,SCR-075
75,SCR-075,7,의무이행,"의무이행(실적증빙) – (사업장, 부서) 원료·제조물 – 안전인력 확보","의무이행(실적증빙) – [사업장, 부서] 원료·제조물 – 안전인력 확보",1,06_의무이행_공중이용시설_원료제조물_SCR067-080.md,"075_의무이행(실적증빙) – (사업장, 부서) 원료·제조물 – 안전인력 확보.png","images/075_의무이행(실적증빙) – (사업장, 부서) 원료·제조물 – 안전인력 확보.png",2001,1127,1.7755,5613d97b61f9049f3db2527cf1cd4d62e31b70c2e5820164cb30542e08c23475,"의무이행(실적증빙) – (사업장, 부서) 원료·제조물 – 안전인력 확보",same_feature_variant_or_state,SCR-074,SCR-076
76,SCR-076,7,의무이행,"의무이행(실적증빙) – (사업장, 부서) 원료·제조물 – 안전인력 확보","의무이행(실적증빙) – [사업장, 부서] 원료·제조물 – 안전인력 확보",2,06_의무이행_공중이용시설_원료제조물_SCR067-080.md,"076_의무이행(실적증빙) – (사업장, 부서) 원료·제조물 – 안전인력 확보.png","images/076_의무이행(실적증빙) – (사업장, 부서) 원료·제조물 – 안전인력 확보.png",2001,1127,1.7755,991bd131bcd4a9f4070d37d85035af9b044406d4d30e873a09bdd5ab0a1ed0e3,"의무이행(실적증빙) – (사업장, 부서) 원료·제조물 – 안전인력 확보",same_screen_continuation_or_state,SCR-075,SCR-077
77,SCR-077,7,의무이행,"의무이행(실적증빙) – (사업장, 부서) 원료·제조물 – 중대시민재해 예방 예산 편성·집행","의무이행(실적증빙) – [사업장, 부서] 원료·제조물 – 중대시민재해 예방 예산 편성·집행",1,06_의무이행_공중이용시설_원료제조물_SCR067-080.md,"077_의무이행(실적증빙) – (사업장, 부서) 원료·제조물 – 중대시민재해 예방 예산 편성·집행.png","images/077_의무이행(실적증빙) – (사업장, 부서) 원료·제조물 – 중대시민재해 예방 예산 편성·집행.png",2001,1127,1.7755,ac2d836f46d61ff7363974fc97639404fed10ae9b619e9cb011c8a80d51cd846,"의무이행(실적증빙) – (사업장, 부서) 원료·제조물 – 중대시민재해 예방 예산 편성·집행",same_feature_variant_or_state,SCR-076,SCR-078
78,SCR-078,7,의무이행,"의무이행(실적증빙) – (사업장, 부서) 원료·제조물 – 중대시민재해 예방 예산 편성·집행","의무이행(실적증빙) – [사업장, 부서] 원료·제조물 – 중대시민재해 예방 예산 편성·집행",2,06_의무이행_공중이용시설_원료제조물_SCR067-080.md,"078_의무이행(실적증빙) – (사업장, 부서) 원료·제조물 – 중대시민재해 예방 예산 편성·집행.png","images/078_의무이행(실적증빙) – (사업장, 부서) 원료·제조물 – 중대시민재해 예방 예산 편성·집행.png",2001,1127,1.7755,0ae89ce8e8d52bb5e624fe5d0f6d49f15789f86ee3c5ce48588eb66e61fa24d1,"의무이행(실적증빙) – (사업장, 부서) 원료·제조물 – 중대시민재해 예방 예산 편성·집행",same_screen_continuation_or_state,SCR-077,SCR-079
79,SCR-079,7,의무이행,"의무이행(실적증빙) – (사업장, 부서) 원료·제조물 – 중대시민재해 예방 예산 편성·집행 (계속)","의무이행(실적증빙) – [사업장, 부서] 원료·제조물 – 중대시민재해 예방 예산 편성·집행 (계속)",1,06_의무이행_공중이용시설_원료제조물_SCR067-080.md,"079_의무이행(실적증빙) – (사업장, 부서) 원료·제조물 – 중대시민재해 예방 예산 편성·집행 (계속).png","images/079_의무이행(실적증빙) – (사업장, 부서) 원료·제조물 – 중대시민재해 예방 예산 편성·집행 (계속).png",2001,1127,1.7755,18ee815df610dec21707fcd42f6060ea372714754d415dbef8fe70a53f3e453a,"의무이행(실적증빙) – (사업장, 부서) 원료·제조물 – 중대시민재해 예방 예산 편성·집행",same_screen_continuation_or_state,SCR-078,SCR-080
80,SCR-080,7,의무이행,"의무이행(실적증빙) – (사업장, 부서) 원료·제조물 – 재해예방 업무처리 절차 마련·이행","의무이행(실적증빙) – [사업장, 부서] 원료·제조물 – 재해예방 업무처리 절차 마련·이행",1,06_의무이행_공중이용시설_원료제조물_SCR067-080.md,"080_의무이행(실적증빙) – (사업장, 부서) 원료·제조물 – 재해예방 업무처리 절차 마련·이행.png","images/080_의무이행(실적증빙) – (사업장, 부서) 원료·제조물 – 재해예방 업무처리 절차 마련·이행.png",2001,1127,1.7755,77edaceb4da97cbe0e16678c91365e186b3aa46313a6962f15163131641e957a,"의무이행(실적증빙) – (사업장, 부서) 원료·제조물 – 재해예방 업무처리 절차 마련·이행",same_feature_variant_or_state,SCR-079,SCR-081
81,SCR-081,7,의무이행,"의무이행(실적증빙) – (사업장, 부서) 원료·제조물 – 재해예방 업무처리 절차 마련·이행","의무이행(실적증빙) – [사업장, 부서] 원료·제조물 – 재해예방 업무처리 절차 마련·이행",2,07_의무이행_원료제조물과_이행점검_SCR081-090.md,"081_의무이행(실적증빙) – (사업장, 부서) 원료·제조물 – 재해예방 업무처리 절차 마련·이행.png","images/081_의무이행(실적증빙) – (사업장, 부서) 원료·제조물 – 재해예방 업무처리 절차 마련·이행.png",2001,1127,1.7755,27cfffe6b1e8826cafefadb3f42b6ff2a00610734c9bb524d62c3a069fbad1c5,"의무이행(실적증빙) – (사업장, 부서) 원료·제조물 – 재해예방 업무처리 절차 마련·이행",same_screen_continuation_or_state,SCR-080,SCR-082
82,SCR-082,7,의무이행,"의무이행(실적증빙) – (사업장, 부서) 원료·제조물 – 재해발생시 재발방지대책 수립 및 이행","의무이행(실적증빙) – [사업장, 부서] 원료·제조물 – 재해발생시 재발방지대책 수립 및 이행",1,07_의무이행_원료제조물과_이행점검_SCR081-090.md,"082_의무이행(실적증빙) – (사업장, 부서) 원료·제조물 – 재해발생시 재발방지대책 수립 및 이행.png","images/082_의무이행(실적증빙) – (사업장, 부서) 원료·제조물 – 재해발생시 재발방지대책 수립 및 이행.png",2001,1127,1.7755,71e927fe34c5f8b991533085b759db455552dd3f2fe4a9e3d78b33c0e1e289e2,"의무이행(실적증빙) – (사업장, 부서) 원료·제조물 – 재해발생시 재발방지대책 수립 및 이행",same_feature_variant_or_state,SCR-081,SCR-083
83,SCR-083,7,의무이행,"의무이행(실적증빙) – (사업장, 부서) 원료·제조물 – 재해발생시 재발방지대책 수립 및 이행","의무이행(실적증빙) – [사업장, 부서] 원료·제조물 – 재해발생시 재발방지대책 수립 및 이행",2,07_의무이행_원료제조물과_이행점검_SCR081-090.md,"083_의무이행(실적증빙) – (사업장, 부서) 원료·제조물 – 재해발생시 재발방지대책 수립 및 이행.png","images/083_의무이행(실적증빙) – (사업장, 부서) 원료·제조물 – 재해발생시 재발방지대책 수립 및 이행.png",2001,1127,1.7755,4035ca90a94ac1e7ee32efa8ff74477d9282950211597b872cd379f9287eccc4,"의무이행(실적증빙) – (사업장, 부서) 원료·제조물 – 재해발생시 재발방지대책 수립 및 이행",same_screen_continuation_or_state,SCR-082,SCR-084
84,SCR-084,7,의무이행,"의무이행(실적증빙) – (사업장, 부서) 원료·제조물 – 중앙행정기관, 지자체 개선·시정 사항 이행","의무이행(실적증빙) – [사업장, 부서] 원료·제조물 – 중앙행정기관, 지자체 개선·시정 사항 이행",1,07_의무이행_원료제조물과_이행점검_SCR081-090.md,"084_의무이행(실적증빙) – (사업장, 부서) 원료·제조물 – 중앙행정기관, 지자체 개선·시정 사항 이행.png","images/084_의무이행(실적증빙) – (사업장, 부서) 원료·제조물 – 중앙행정기관, 지자체 개선·시정 사항 이행.png",2001,1127,1.7755,97fd8e6e9162ece84038ce0f79ef414e0e39263318cf525e5ccf439284f366bb,"의무이행(실적증빙) – (사업장, 부서) 원료·제조물 – 중앙행정기관, 지자체 개선·시정 사항 이행",same_feature_variant_or_state,SCR-083,SCR-085
85,SCR-085,7,의무이행,"의무이행(실적증빙) – (사업장, 부서) 원료·제조물 – 중앙행정기관, 지자체 개선·시정 사항 이행","의무이행(실적증빙) – [사업장, 부서] 원료·제조물 – 중앙행정기관, 지자체 개선·시정 사항 이행",2,07_의무이행_원료제조물과_이행점검_SCR081-090.md,"085_의무이행(실적증빙) – (사업장, 부서) 원료·제조물 – 중앙행정기관, 지자체 개선·시정 사항 이행.png","images/085_의무이행(실적증빙) – (사업장, 부서) 원료·제조물 – 중앙행정기관, 지자체 개선·시정 사항 이행.png",2001,1127,1.7755,0abbd4aa2dc66c1c466d4c4eb651140324af169490ab76d1f7af82e33baa4a61,"의무이행(실적증빙) – (사업장, 부서) 원료·제조물 – 중앙행정기관, 지자체 개선·시정 사항 이행",same_screen_continuation_or_state,SCR-084,SCR-086
86,SCR-086,7,의무이행,"의무이행(실적증빙) – (사업장, 부서) 원료·제조물 – 관계 법령 의무이행 조치","의무이행(실적증빙) – [사업장, 부서] 원료·제조물 – 관계 법령 의무이행 조치",1,07_의무이행_원료제조물과_이행점검_SCR081-090.md,"086_의무이행(실적증빙) – (사업장, 부서) 원료·제조물 – 관계 법령 의무이행 조치.png","images/086_의무이행(실적증빙) – (사업장, 부서) 원료·제조물 – 관계 법령 의무이행 조치.png",2001,1127,1.7755,7ecdf4e612c34238b547e9b4a1e5adb3e1b8ab7dcda38ae0ce4ace96b292f937,"의무이행(실적증빙) – (사업장, 부서) 원료·제조물 – 관계 법령 의무이행 조치",same_feature_variant_or_state,SCR-085,SCR-087
87,SCR-087,7,의무이행,"의무이행(실적증빙) – (사업장, 부서) 원료·제조물 – 관계 법령 의무이행 조치","의무이행(실적증빙) – [사업장, 부서] 원료·제조물 – 관계 법령 의무이행 조치",2,07_의무이행_원료제조물과_이행점검_SCR081-090.md,"087_의무이행(실적증빙) – (사업장, 부서) 원료·제조물 – 관계 법령 의무이행 조치.png","images/087_의무이행(실적증빙) – (사업장, 부서) 원료·제조물 – 관계 법령 의무이행 조치.png",2001,1127,1.7755,6de24a4c6c49768b40d715f8406c48ad798a2cb640847aa4eeb86ac7f48c385a,"의무이행(실적증빙) – (사업장, 부서) 원료·제조물 – 관계 법령 의무이행 조치",same_screen_continuation_or_state,SCR-086,SCR-088
88,SCR-088,8,이행점검 및 조치,"이행점검 및 조치 – (사업소, 실/국) 사업장 이행점검","이행점검 및 조치 – [사업소, 실/국] 사업장 이행점검",1,07_의무이행_원료제조물과_이행점검_SCR081-090.md,"088_이행점검 및 조치 – (사업소, 실·국) 사업장 이행점검.png","images/088_이행점검 및 조치 – (사업소, 실·국) 사업장 이행점검.png",2001,1127,1.7755,7f494c6a2c3b06dd0aeb22a71e535dfcae076e3c18d8ec13e06445238b244c84,"이행점검 및 조치 – (사업소, 실/국) 사업장 이행점검",same_feature_variant_or_state,SCR-087,SCR-089
89,SCR-089,8,이행점검 및 조치,"이행점검 및 조치 – (사업소, 실/국) 사업장 이행점검","이행점검 및 조치 – [사업소, 실/국] 사업장 이행점검",2,07_의무이행_원료제조물과_이행점검_SCR081-090.md,"089_이행점검 및 조치 – (사업소, 실·국) 사업장 이행점검.png","images/089_이행점검 및 조치 – (사업소, 실·국) 사업장 이행점검.png",2001,1127,1.7755,8a81cb0ba85bc7d46aff9587775511fce8fe57cb38ce012e1996e388deb598cb,"이행점검 및 조치 – (사업소, 실/국) 사업장 이행점검",same_screen_continuation_or_state,SCR-088,SCR-090
90,SCR-090,8,이행점검 및 조치,"이행점검 및 조치 – (사업장, 부서) 사업장 이행점검","이행점검 및 조치 – [사업장, 부서] 사업장 이행점검",1,07_의무이행_원료제조물과_이행점검_SCR081-090.md,"090_이행점검 및 조치 – (사업장, 부서) 사업장 이행점검.png","images/090_이행점검 및 조치 – (사업장, 부서) 사업장 이행점검.png",2001,1127,1.7755,5662ecd42f02a2465b78368989f01f77978e9fe3d3e668265707e6edcbf84522,"이행점검 및 조치 – (사업장, 부서) 사업장 이행점검",standalone_screen_cut,SCR-089,SCR-091
91,SCR-091,10,통계 및 사례,통계 및 사례 – (중대재해 통계) 중대재해 발생통계,통계 및 사례 – [중대재해 통계] 중대재해 발생통계,1,08_통계와_사례_SCR091-102.md,091_통계 및 사례 – (중대재해 통계) 중대재해 발생통계.png,images/091_통계 및 사례 – (중대재해 통계) 중대재해 발생통계.png,1281,723,1.7718,6b7d125932ce41dea16f7f94faf0110b41afe004708e9c00a754fab70b9d0c0f,통계 및 사례 – (중대재해 통계) 중대재해 발생통계,same_feature_variant_or_state,SCR-090,SCR-092
92,SCR-092,10,통계 및 사례,통계 및 사례 – (중대재해 통계) 중대재해 발생통계,통계 및 사례 – [중대재해 통계] 중대재해 발생통계,2,08_통계와_사례_SCR091-102.md,092_통계 및 사례 – (중대재해 통계) 중대재해 발생통계.png,images/092_통계 및 사례 – (중대재해 통계) 중대재해 발생통계.png,1281,723,1.7718,91d78745fdd242cfd3aad61c24e9be3e7a7a6b346df0a087b6a6ace2702e9518,통계 및 사례 – (중대재해 통계) 중대재해 발생통계,same_screen_continuation_or_state,SCR-091,SCR-093
93,SCR-093,10,통계 및 사례,통계 및 사례 – (중대재해 통계) 중대재해 발생통계(계속),통계 및 사례 – [중대재해 통계] 중대재해 발생통계(계속),1,08_통계와_사례_SCR091-102.md,093_통계 및 사례 – (중대재해 통계) 중대재해 발생통계(계속).png,images/093_통계 및 사례 – (중대재해 통계) 중대재해 발생통계(계속).png,1281,723,1.7718,2cf06cbcdf2a96d9a4b619215c267795650eac60806142b001afda7ca8b5c3fd,통계 및 사례 – (중대재해 통계) 중대재해 발생통계,same_screen_continuation_or_state,SCR-092,SCR-094
94,SCR-094,10,통계 및 사례,통계 및 사례 – (중대재해 통계) 중대재해 발생통계(계속),통계 및 사례 – [중대재해 통계] 중대재해 발생통계(계속),2,08_통계와_사례_SCR091-102.md,094_통계 및 사례 – (중대재해 통계) 중대재해 발생통계(계속).png,images/094_통계 및 사례 – (중대재해 통계) 중대재해 발생통계(계속).png,1281,723,1.7718,e903574244332292db959e53912dc6a707c981c87ac0d898e384be9c76d8d4b6,통계 및 사례 – (중대재해 통계) 중대재해 발생통계,same_screen_continuation_or_state,SCR-093,SCR-095
95,SCR-095,10,통계 및 사례,통계 및 사례 – (중대재해 통계) 중대재해 대상통계,통계 및 사례 – [중대재해 통계] 중대재해 대상통계,1,08_통계와_사례_SCR091-102.md,095_통계 및 사례 – (중대재해 통계) 중대재해 대상통계.png,images/095_통계 및 사례 – (중대재해 통계) 중대재해 대상통계.png,1281,723,1.7718,edde13afb90b9cb25aacf0415ca6f8e2fee7e662c6a3f5c38b3ce1f95a5f1f4b,통계 및 사례 – (중대재해 통계) 중대재해 대상통계,same_feature_variant_or_state,SCR-094,SCR-096
96,SCR-096,10,통계 및 사례,통계 및 사례 – (중대재해 통계) 중대재해 대상통계,통계 및 사례 – [중대재해 통계] 중대재해 대상통계,2,08_통계와_사례_SCR091-102.md,096_통계 및 사례 – (중대재해 통계) 중대재해 대상통계.png,images/096_통계 및 사례 – (중대재해 통계) 중대재해 대상통계.png,1252,723,1.7317,efa5f016bc28f4f11e7f714c88199fd225682834b58fe1be00838f918cca9a2c,통계 및 사례 – (중대재해 통계) 중대재해 대상통계,same_screen_continuation_or_state,SCR-095,SCR-097
97,SCR-097,10,통계 및 사례,통계 및 사례 – (사례) 중대재해 사고사례,통계 및 사례 – [사례] 중대재해 사고사례,1,08_통계와_사례_SCR091-102.md,097_통계 및 사례 – (사례) 중대재해 사고사례.png,images/097_통계 및 사례 – (사례) 중대재해 사고사례.png,1281,723,1.7718,5803aabd7019bc91036e6b5c519c00832dae7e78df0024bc0c1ffa854b940078,통계 및 사례 – (사례) 중대재해 사고사례,same_feature_variant_or_state,SCR-096,SCR-098
98,SCR-098,10,통계 및 사례,통계 및 사례 – (사례) 중대재해 사고사례,통계 및 사례 – [사례] 중대재해 사고사례,2,08_통계와_사례_SCR091-102.md,098_통계 및 사례 – (사례) 중대재해 사고사례.png,images/098_통계 및 사례 – (사례) 중대재해 사고사례.png,1281,723,1.7718,6b3603d690ebc17fc26bb1ce1a2371169beda1f6f5bcde6cfb3c6e2436dc2756,통계 및 사례 – (사례) 중대재해 사고사례,same_screen_continuation_or_state,SCR-097,SCR-099
99,SCR-099,10,통계 및 사례,통계 및 사례 – (사례) 중대재해 사고사례(계속),통계 및 사례 – [사례] 중대재해 사고사례(계속),1,08_통계와_사례_SCR091-102.md,099_통계 및 사례 – (사례) 중대재해 사고사례(계속).png,images/099_통계 및 사례 – (사례) 중대재해 사고사례(계속).png,1281,723,1.7718,ac28cae0d1df77709f7ee33e353f9ab5c297d1648fb71ad859cff2c0b29a4f0e,통계 및 사례 – (사례) 중대재해 사고사례,same_screen_continuation_or_state,SCR-098,SCR-100
100,SCR-100,10,통계 및 사례,통계 및 사례 – (사례) 중대재해 사고사례(계속),통계 및 사례 – [사례] 중대재해 사고사례(계속),2,08_통계와_사례_SCR091-102.md,100_통계 및 사례 – (사례) 중대재해 사고사례(계속).png,images/100_통계 및 사례 – (사례) 중대재해 사고사례(계속).png,1281,723,1.7718,d9dba5972b397dc228eae2deb420362cf748446c19a36feb618a0186c090fea4,통계 및 사례 – (사례) 중대재해 사고사례,same_screen_continuation_or_state,SCR-099,SCR-101
101,SCR-101,10,통계 및 사례,통계 및 사례 – (사례) 중대재해 사고사례(계속),통계 및 사례 – [사례] 중대재해 사고사례(계속),1,08_통계와_사례_SCR091-102.md,101_통계 및 사례 – (사례) 중대재해 사고사례(계속).png,images/101_통계 및 사례 – (사례) 중대재해 사고사례(계속).png,1281,723,1.7718,5d38ee25a20310763eeef2ca59b00033c5ee0abdca09b8b7fe2f956770482302,통계 및 사례 – (사례) 중대재해 사고사례,same_screen_continuation_or_state,SCR-100,SCR-102
102,SCR-102,10,통계 및 사례,통계 및 사례 – (안전·보건 관계 법령) 중대산업재해·중대시민재해,통계 및 사례 – [안전·보건 관계 법령] 중대산업재해·중대시민재해,1,08_통계와_사례_SCR091-102.md,102_통계 및 사례 – (안전·보건 관계 법령) 중대산업재해·중대시민재해.png,images/102_통계 및 사례 – (안전·보건 관계 법령) 중대산업재해·중대시민재해.png,1281,723,1.7718,9f578746de1f55086f98b0de52d998b0ef022f42f500fda0ab203ad34b94f256,통계 및 사례 – (안전·보건 관계 법령) 중대산업재해·중대시민재해,standalone_screen_cut,SCR-101,
